{
  "1": "CT24bb[yumch0c0ch1p]",
  "2": "CT24bb[g0773m81shfm]",
  "3": "CT24bb[y33tpyr3v3r51n]",
  "4": "CT24bb[qrc0d350r351113n7113kw7]",
  "5": "CT24bb[p3n73571n3Z8ruh]",
  "6": "CT24bb[1h80bfu5k473dj5d0n7u?]",
  "7": "CT24bb[ikantusltrssohdtonotspell]",
  "8": "CT24bb[0r81u34h34d1gu3551fur3411yw4n7]",
  "9": "CT24bb[rvrsimgsrch1zgr347]",
  "10":"CT24bb[GJBOI]",
  "11":"CT24BB[cXmJv31]",
  "12":"CT24bb[gUdm47h1n801]",
  "13":"CT24bb[g00g11zact41fsm467416]",
  "14":"CT24bb[5up3r53cur3p455w0rd15]",
  "15":"CT24bb[b17pr073c710n1z1mp0r74n7]",
  "16":"CT24bb[yumYUM]",
  "17":"CT24bb[w0wd4z01dbu7k0w1r173]",
  "18":"CT24bb[w3nu7ry8r41130n45cr33n1m40]"
}
